0,0,0,0,0,0,0,0,0,0,0,0,0,0,0,0,0,0,0,0,0,0,0,0,0,0,0,0,0,0
0,0,0,0,0,0,0,0,0,0,0,0,0,0,0,0,0,0,0,0,0,0,0,0,0,0,0,0,0,0
0,0,0,0,0,0,0,0,0,0,0,0,0,0,0,0,0,0,0,0,0,0,0,0,0,0,0,0,0,0
0,0,0,0,0,0,0,0,0,0,0,0,0,0,0,0,0,0,0,0,0,0,0,0,0,0,0,0,0,0
1,1,1,1,1,1,1,1,1,1,1,1,1,1,1,1,1,1,1,1,1,1,1,1,1,1,1,1,1,1
0.3,0.3,0.3,0.3,0.3,0.3,0.3,0.3,0.3,0.3,0.3,0.3,0.3,0.3,0.3,0.3,0.3,0.3,0.3,0.3,0.3,0.3,0.3,0.3,0.3,0.3,0.3,0.3,0.3,0.3
0.011,0.011,0.011,0.011,0.011,0.011,0.011,0.011,0.011,0.011,0.011,0.011,0.011,0.011,0.011,0.011,0.011,0.011,0.011,0.011,0.011,0.011,0.011,0.011,0.011,0.011,0.011,0.011,0.011,0.011
0.0018,0.0018,0.0018,0.0018,0.0018,0.0018,0.0018,0.0018,0.0018,0.0018,0.0018,0.0018,0.0018,0.0018,0.0018,0.0018,0.0018,0.0018,0.0018,0.0018,0.0018,0.0018,0.0018,0.0018,0.0018,0.0018,0.0018,0.0018,0.0018,0.0018
0,0,0,0,0,0,0,0,0,0,0,0,0,0,0,0,0,0,0,0,0,0,0,0,0,0,0,0,0,0
1,1,1,1,1,1,1,1,1,1,1,1,1,1,1,1,1,1,1,1,1,1,1,1,1,1,1,1,1,1
0.42,0.42,0.42,0.42,0.42,0.42,0.42,0.42,0.42,0.42,0.42,0.42,0.42,0.42,0.42,0.42,0.42,0.42,0.42,0.42,0.42,0.42,0.42,0.42,0.42,0.42,0.42,0.42,0.42,0.42
0.05,0.05,0.05,0.05,0.05,0.05,0.05,0.05,0.05,0.05,0.05,0.05,0.05,0.05,0.05,0.05,0.05,0.05,0.05,0.05,0.05,0.05,0.05,0.05,0.05,0.05,0.05,0.05,0.05,0.05
0.015,0.015,0.015,0.015,0.015,0.015,0.015,0.015,0.015,0.015,0.015,0.015,0.015,0.015,0.015,0.015,0.015,0.015,0.015,0.015,0.015,0.015,0.015,0.015,0.015,0.015,0.015,0.015,0.015,0.015
0,0,0,0,0,0,0,0,0,0,0,0,0,0,0,0,0,0,0,0,0,0,0,0,0,0,0,0,0,0
0,0,0,0,0,0,0,0,0,0,0,0,0,0,0,0,0,0,0,0,0,0,0,0,0,0,0,0,0,0
0,0,0,0,0,0,0,0,0,0,0,0,0,0,0,0,0,0,0,0,0,0,0,0,0,0,0,0,0,0
500,500,500,500,500,500,500,500,500,500,500,500,500,500,500,500,500,500,500,500,500,500,500,500,500,500,500,500,500,500
1,1,1,1,1,1,1,1,1,1,1,1,1,1,1,1,1,1,1,1,1,1,1,1,1,1,1,1,1,1
0.3,0.3,0.3,0.3,0.3,0.3,0.3,0.3,0.3,0.3,0.3,0.3,0.3,0.3,0.3,0.3,0.3,0.3,0.3,0.3,0.3,0.3,0.3,0.3,0.3,0.3,0.3,0.3,0.3,0.3
0.011,0.011,0.011,0.011,0.011,0.011,0.011,0.011,0.011,0.011,0.011,0.011,0.011,0.011,0.011,0.011,0.011,0.011,0.011,0.011,0.011,0.011,0.011,0.011,0.011,0.011,0.011,0.011,0.011,0.011
0.0018,0.0018,0.0018,0.0018,0.0018,0.0018,0.0018,0.0018,0.0018,0.0018,0.0018,0.0018,0.0018,0.0018,0.0018,0.0018,0.0018,0.0018,0.0018,0.0018,0.0018,0.0018,0.0018,0.0018,0.0018,0.0018,0.0018,0.0018,0.0018,0.0018
0,0,0,0,0,0,0,0,0,0,0,0,0,0,0,0,0,0,0,0,0,0,0,0,0,0,0,0,0,0
1,1,1,1,1,1,1,1,1,1,1,1,1,1,1,1,1,1,1,1,1,1,1,1,1,1,1,1,1,1
0.42,0.42,0.42,0.42,0.42,0.42,0.42,0.42,0.42,0.42,0.42,0.42,0.42,0.42,0.42,0.42,0.42,0.42,0.42,0.42,0.42,0.42,0.42,0.42,0.42,0.42,0.42,0.42,0.42,0.42
0.05,0.05,0.05,0.05,0.05,0.05,0.05,0.05,0.05,0.05,0.05,0.05,0.05,0.05,0.05,0.05,0.05,0.05,0.05,0.05,0.05,0.05,0.05,0.05,0.05,0.05,0.05,0.05,0.05,0.05
0.015,0.015,0.015,0.015,0.015,0.015,0.015,0.015,0.015,0.015,0.015,0.015,0.015,0.015,0.015,0.015,0.015,0.015,0.015,0.015,0.015,0.015,0.015,0.015,0.015,0.015,0.015,0.015,0.015,0.015
0,0,0,0,0,0,0,0,0,0,0,0,0,0,0,0,0,0,0,0,0,0,0,0,0,0,0,0,0,0
0,0,0,0,0,0,0,0,0,0,0,0,0,0,0,0,0,0,0,0,0,0,0,0,0,0,0,0,0,0
0,0,0,0,0,0,0,0,0,0,0,0,0,0,0,0,0,0,0,0,0,0,0,0,0,0,0,0,0,0
5000,5000,5000,5000,5000,5000,5000,5000,5000,5000,5000,5000,5000,5000,5000,5000,5000,5000,5000,5000,5000,5000,5000,5000,5000,5000,5000,5000,5000,5000
1,1,1,1,1,1,1,1,1,1,1,1,1,1,1,1,1,1,1,1,1,1,1,1,1,1,1,1,1,1
0.3,0.3,0.3,0.3,0.3,0.3,0.3,0.3,0.3,0.3,0.3,0.3,0.3,0.3,0.3,0.3,0.3,0.3,0.3,0.3,0.3,0.3,0.3,0.3,0.3,0.3,0.3,0.3,0.3,0.3
0.011,0.011,0.011,0.011,0.011,0.011,0.011,0.011,0.011,0.011,0.011,0.011,0.011,0.011,0.011,0.011,0.011,0.011,0.011,0.011,0.011,0.011,0.011,0.011,0.011,0.011,0.011,0.011,0.011,0.011
0.0018,0.0018,0.0018,0.0018,0.0018,0.0018,0.0018,0.0018,0.0018,0.0018,0.0018,0.0018,0.0018,0.0018,0.0018,0.0018,0.0018,0.0018,0.0018,0.0018,0.0018,0.0018,0.0018,0.0018,0.0018,0.0018,0.0018,0.0018,0.0018,0.0018
0,0,0,0,0,0,0,0,0,0,0,0,0,0,0,0,0,0,0,0,0,0,0,0,0,0,0,0,0,0
1,1,1,1,1,1,1,1,1,1,1,1,1,1,1,1,1,1,1,1,1,1,1,1,1,1,1,1,1,1
0.42,0.42,0.42,0.42,0.42,0.42,0.42,0.42,0.42,0.42,0.42,0.42,0.42,0.42,0.42,0.42,0.42,0.42,0.42,0.42,0.42,0.42,0.42,0.42,0.42,0.42,0.42,0.42,0.42,0.42
0.05,0.05,0.05,0.05,0.05,0.05,0.05,0.05,0.05,0.05,0.05,0.05,0.05,0.05,0.05,0.05,0.05,0.05,0.05,0.05,0.05,0.05,0.05,0.05,0.05,0.05,0.05,0.05,0.05,0.05
0.015,0.015,0.015,0.015,0.015,0.015,0.015,0.015,0.015,0.015,0.015,0.015,0.015,0.015,0.015,0.015,0.015,0.015,0.015,0.015,0.015,0.015,0.015,0.015,0.015,0.015,0.015,0.015,0.015,0.015
200,200,200,200,200,200,200,200,200,200,200,200,200,200,200,200,200,200,200,200,200,200,200,200,200,200,200,200,200,200
100,100,100,100,100,100,100,100,100,100,100,100,100,100,100,100,100,100,100,100,100,100,100,100,100,100,100,100,100,100
500,500,500,500,500,500,500,500,500,500,500,500,500,500,500,500,500,500,500,500,500,500,500,500,500,500,500,500,500,500
0,0,0,0,0,0,0,0,0,0,0,0,0,0,0,0,0,0,0,0,0,0,0,0,0,0,0,0,0,0
1,1,1,1,1,1,1,1,1,1,1,1,1,1,1,1,1,1,1,1,1,1,1,1,1,1,1,1,1,1
0.3,0.3,0.3,0.3,0.3,0.3,0.3,0.3,0.3,0.3,0.3,0.3,0.3,0.3,0.3,0.3,0.3,0.3,0.3,0.3,0.3,0.3,0.3,0.3,0.3,0.3,0.3,0.3,0.3,0.3
0.011,0.011,0.011,0.011,0.011,0.011,0.011,0.011,0.011,0.011,0.011,0.011,0.011,0.011,0.011,0.011,0.011,0.011,0.011,0.011,0.011,0.011,0.011,0.011,0.011,0.011,0.011,0.011,0.011,0.011
0.0018,0.0018,0.0018,0.0018,0.0018,0.0018,0.0018,0.0018,0.0018,0.0018,0.0018,0.0018,0.0018,0.0018,0.0018,0.0018,0.0018,0.0018,0.0018,0.0018,0.0018,0.0018,0.0018,0.0018,0.0018,0.0018,0.0018,0.0018,0.0018,0.0018
0,0,0,0,0,0,0,0,0,0,0,0,0,0,0,0,0,0,0,0,0,0,0,0,0,0,0,0,0,0
1,1,1,1,1,1,1,1,1,1,1,1,1,1,1,1,1,1,1,1,1,1,1,1,1,1,1,1,1,1
0.42,0.42,0.42,0.42,0.42,0.42,0.42,0.42,0.42,0.42,0.42,0.42,0.42,0.42,0.42,0.42,0.42,0.42,0.42,0.42,0.42,0.42,0.42,0.42,0.42,0.42,0.42,0.42,0.42,0.42
0.05,0.05,0.05,0.05,0.05,0.05,0.05,0.05,0.05,0.05,0.05,0.05,0.05,0.05,0.05,0.05,0.05,0.05,0.05,0.05,0.05,0.05,0.05,0.05,0.05,0.05,0.05,0.05,0.05,0.05
0.015,0.015,0.015,0.015,0.015,0.015,0.015,0.015,0.015,0.015,0.015,0.015,0.015,0.015,0.015,0.015,0.015,0.015,0.015,0.015,0.015,0.015,0.015,0.015,0.015,0.015,0.015,0.015,0.015,0.015
200,200,200,200,200,200,200,200,200,200,200,200,200,200,200,200,200,200,200,200,200,200,200,200,200,200,200,200,200,200
100,100,100,100,100,100,100,100,100,100,100,100,100,100,100,100,100,100,100,100,100,100,100,100,100,100,100,100,100,100
500,500,500,500,500,500,500,500,500,500,500,500,500,500,500,500,500,500,500,500,500,500,500,500,500,500,500,500,500,500
5000,5000,5000,5000,5000,5000,5000,5000,5000,5000,5000,5000,5000,5000,5000,5000,5000,5000,5000,5000,5000,5000,5000,5000,5000,5000,5000,5000,5000,5000
1,1,1,1,1,1,1,1,1,1,1,1,1,1,1,1,1,1,1,1,1,1,1,1,1,1,1,1,1,1
0.3,0.3,0.3,0.3,0.3,0.3,0.3,0.3,0.3,0.3,0.3,0.3,0.3,0.3,0.3,0.3,0.3,0.3,0.3,0.3,0.3,0.3,0.3,0.3,0.3,0.3,0.3,0.3,0.3,0.3
0.011,0.011,0.011,0.011,0.011,0.011,0.011,0.011,0.011,0.011,0.011,0.011,0.011,0.011,0.011,0.011,0.011,0.011,0.011,0.011,0.011,0.011,0.011,0.011,0.011,0.011,0.011,0.011,0.011,0.011
0.0018,0.0018,0.0018,0.0018,0.0018,0.0018,0.0018,0.0018,0.0018,0.0018,0.0018,0.0018,0.0018,0.0018,0.0018,0.0018,0.0018,0.0018,0.0018,0.0018,0.0018,0.0018,0.0018,0.0018,0.0018,0.0018,0.0018,0.0018,0.0018,0.0018
0,0,0,0,0,0,0,0,0,0,0,0,0,0,0,0,0,0,0,0,0,0,0,0,0,0,0,0,0,0
1,1,1,1,1,1,1,1,1,1,1,1,1,1,1,1,1,1,1,1,1,1,1,1,1,1,1,1,1,1
0.42,0.42,0.42,0.42,0.42,0.42,0.42,0.42,0.42,0.42,0.42,0.42,0.42,0.42,0.42,0.42,0.42,0.42,0.42,0.42,0.42,0.42,0.42,0.42,0.42,0.42,0.42,0.42,0.42,0.42
0.05,0.05,0.05,0.05,0.05,0.05,0.05,0.05,0.05,0.05,0.05,0.05,0.05,0.05,0.05,0.05,0.05,0.05,0.05,0.05,0.05,0.05,0.05,0.05,0.05,0.05,0.05,0.05,0.05,0.05
0.015,0.015,0.015,0.015,0.015,0.015,0.015,0.015,0.015,0.015,0.015,0.015,0.015,0.015,0.015,0.015,0.015,0.015,0.015,0.015,0.015,0.015,0.015,0.015,0.015,0.015,0.015,0.015,0.015,0.015
0,0,0,0,0,0,0,0,0,0,0,0,0,0,0,0,0,0,0,0,0,0,0,0,0,0,0,0,0,0
0,0,0,0,0,0,0,0,0,0,0,0,0,0,0,0,0,0,0,0,0,0,0,0,0,0,0,0,0,0
0,0,0,0,0,0,0,0,0,0,0,0,0,0,0,0,0,0,0,0,0,0,0,0,0,0,0,0,0,0
0,0,0,0,0,0,0,0,0,0,0,0,0,0,0,0,0,0,0,0,0,0,0,0,0,0,0,0,0,0
1,1,1,1,1,1,1,1,1,1,1,1,1,1,1,1,1,1,1,1,1,1,1,1,1,1,1,1,1,1
0.3,0.3,0.3,0.3,0.3,0.3,0.3,0.3,0.3,0.3,0.3,0.3,0.3,0.3,0.3,0.3,0.3,0.3,0.3,0.3,0.3,0.3,0.3,0.3,0.3,0.3,0.3,0.3,0.3,0.3
0.011,0.011,0.011,0.011,0.011,0.011,0.011,0.011,0.011,0.011,0.011,0.011,0.011,0.011,0.011,0.011,0.011,0.011,0.011,0.011,0.011,0.011,0.011,0.011,0.011,0.011,0.011,0.011,0.011,0.011
0.0018,0.0018,0.0018,0.0018,0.0018,0.0018,0.0018,0.0018,0.0018,0.0018,0.0018,0.0018,0.0018,0.0018,0.0018,0.0018,0.0018,0.0018,0.0018,0.0018,0.0018,0.0018,0.0018,0.0018,0.0018,0.0018,0.0018,0.0018,0.0018,0.0018
0,0,0,0,0,0,0,0,0,0,0,0,0,0,0,0,0,0,0,0,0,0,0,0,0,0,0,0,0,0
1,1,1,1,1,1,1,1,1,1,1,1,1,1,1,1,1,1,1,1,1,1,1,1,1,1,1,1,1,1
0.42,0.42,0.42,0.42,0.42,0.42,0.42,0.42,0.42,0.42,0.42,0.42,0.42,0.42,0.42,0.42,0.42,0.42,0.42,0.42,0.42,0.42,0.42,0.42,0.42,0.42,0.42,0.42,0.42,0.42
0.05,0.05,0.05,0.05,0.05,0.05,0.05,0.05,0.05,0.05,0.05,0.05,0.05,0.05,0.05,0.05,0.05,0.05,0.05,0.05,0.05,0.05,0.05,0.05,0.05,0.05,0.05,0.05,0.05,0.05
0.015,0.015,0.015,0.015,0.015,0.015,0.015,0.015,0.015,0.015,0.015,0.015,0.015,0.015,0.015,0.015,0.015,0.015,0.015,0.015,0.015,0.015,0.015,0.015,0.015,0.015,0.015,0.015,0.015,0.015
0,0,0,0,0,0,0,0,0,0,0,0,0,0,0,0,0,0,0,0,0,0,0,0,0,0,0,0,0,0
0,0,0,0,0,0,0,0,0,0,0,0,0,0,0,0,0,0,0,0,0,0,0,0,0,0,0,0,0,0
0,0,0,0,0,0,0,0,0,0,0,0,0,0,0,0,0,0,0,0,0,0,0,0,0,0,0,0,0,0
0,0,0,0,0,0,0,0,0,0,0,0,0,0,0,0,0,0,0,0,0,0,0,0,0,0,0,0,0,0
1,1,1,1,1,1,1,1,1,1,1,1,1,1,1,1,1,1,1,1,1,1,1,1,1,1,1,1,1,1
0.3,0.3,0.3,0.3,0.3,0.3,0.3,0.3,0.3,0.3,0.3,0.3,0.3,0.3,0.3,0.3,0.3,0.3,0.3,0.3,0.3,0.3,0.3,0.3,0.3,0.3,0.3,0.3,0.3,0.3
0.011,0.011,0.011,0.011,0.011,0.011,0.011,0.011,0.011,0.011,0.011,0.011,0.011,0.011,0.011,0.011,0.011,0.011,0.011,0.011,0.011,0.011,0.011,0.011,0.011,0.011,0.011,0.011,0.011,0.011
0.0018,0.0018,0.0018,0.0018,0.0018,0.0018,0.0018,0.0018,0.0018,0.0018,0.0018,0.0018,0.0018,0.0018,0.0018,0.0018,0.0018,0.0018,0.0018,0.0018,0.0018,0.0018,0.0018,0.0018,0.0018,0.0018,0.0018,0.0018,0.0018,0.0018
0,0,0,0,0,0,0,0,0,0,0,0,0,0,0,0,0,0,0,0,0,0,0,0,0,0,0,0,0,0
1,1,1,1,1,1,1,1,1,1,1,1,1,1,1,1,1,1,1,1,1,1,1,1,1,1,1,1,1,1
0.42,0.42,0.42,0.42,0.42,0.42,0.42,0.42,0.42,0.42,0.42,0.42,0.42,0.42,0.42,0.42,0.42,0.42,0.42,0.42,0.42,0.42,0.42,0.42,0.42,0.42,0.42,0.42,0.42,0.42
0.05,0.05,0.05,0.05,0.05,0.05,0.05,0.05,0.05,0.05,0.05,0.05,0.05,0.05,0.05,0.05,0.05,0.05,0.05,0.05,0.05,0.05,0.05,0.05,0.05,0.05,0.05,0.05,0.05,0.05
0.015,0.015,0.015,0.015,0.015,0.015,0.015,0.015,0.015,0.015,0.015,0.015,0.015,0.015,0.015,0.015,0.015,0.015,0.015,0.015,0.015,0.015,0.015,0.015,0.015,0.015,0.015,0.015,0.015,0.015
0,0,0,0,0,0,0,0,0,0,0,0,0,0,0,0,0,0,0,0,0,0,0,0,0,0,0,0,0,0
0,0,0,0,0,0,0,0,0,0,0,0,0,0,0,0,0,0,0,0,0,0,0,0,0,0,0,0,0,0
0,0,0,0,0,0,0,0,0,0,0,0,0,0,0,0,0,0,0,0,0,0,0,0,0,0,0,0,0,0
0,0,0,0,0,0,0,0,0,0,0,0,0,0,0,0,0,0,0,0,0,0,0,0,0,0,0,0,0,0
1,1,1,1,1,1,1,1,1,1,1,1,1,1,1,1,1,1,1,1,1,1,1,1,1,1,1,1,1,1
0.3,0.3,0.3,0.3,0.3,0.3,0.3,0.3,0.3,0.3,0.3,0.3,0.3,0.3,0.3,0.3,0.3,0.3,0.3,0.3,0.3,0.3,0.3,0.3,0.3,0.3,0.3,0.3,0.3,0.3
0.011,0.011,0.011,0.011,0.011,0.011,0.011,0.011,0.011,0.011,0.011,0.011,0.011,0.011,0.011,0.011,0.011,0.011,0.011,0.011,0.011,0.011,0.011,0.011,0.011,0.011,0.011,0.011,0.011,0.011
0.0018,0.0018,0.0018,0.0018,0.0018,0.0018,0.0018,0.0018,0.0018,0.0018,0.0018,0.0018,0.0018,0.0018,0.0018,0.0018,0.0018,0.0018,0.0018,0.0018,0.0018,0.0018,0.0018,0.0018,0.0018,0.0018,0.0018,0.0018,0.0018,0.0018
0,0,0,0,0,0,0,0,0,0,0,0,0,0,0,0,0,0,0,0,0,0,0,0,0,0,0,0,0,0
1,1,1,1,1,1,1,1,1,1,1,1,1,1,1,1,1,1,1,1,1,1,1,1,1,1,1,1,1,1
0.42,0.42,0.42,0.42,0.42,0.42,0.42,0.42,0.42,0.42,0.42,0.42,0.42,0.42,0.42,0.42,0.42,0.42,0.42,0.42,0.42,0.42,0.42,0.42,0.42,0.42,0.42,0.42,0.42,0.42
0.05,0.05,0.05,0.05,0.05,0.05,0.05,0.05,0.05,0.05,0.05,0.05,0.05,0.05,0.05,0.05,0.05,0.05,0.05,0.05,0.05,0.05,0.05,0.05,0.05,0.05,0.05,0.05,0.05,0.05
0.015,0.015,0.015,0.015,0.015,0.015,0.015,0.015,0.015,0.015,0.015,0.015,0.015,0.015,0.015,0.015,0.015,0.015,0.015,0.015,0.015,0.015,0.015,0.015,0.015,0.015,0.015,0.015,0.015,0.015
0,0,0,0,0,0,0,0,0,0,0,0,0,0,0,0,0,0,0,0,0,0,0,0,0,0,0,0,0,0
0,0,0,0,0,0,0,0,0,0,0,0,0,0,0,0,0,0,0,0,0,0,0,0,0,0,0,0,0,0
0,0,0,0,0,0,0,0,0,0,0,0,0,0,0,0,0,0,0,0,0,0,0,0,0,0,0,0,0,0
0,0,0,0,0,0,0,0,0,0,0,0,0,0,0,0,0,0,0,0,0,0,0,0,0,0,0,0,0,0
1,1,1,1,1,1,1,1,1,1,1,1,1,1,1,1,1,1,1,1,1,1,1,1,1,1,1,1,1,1
0.3,0.3,0.3,0.3,0.3,0.3,0.3,0.3,0.3,0.3,0.3,0.3,0.3,0.3,0.3,0.3,0.3,0.3,0.3,0.3,0.3,0.3,0.3,0.3,0.3,0.3,0.3,0.3,0.3,0.3
0.011,0.011,0.011,0.011,0.011,0.011,0.011,0.011,0.011,0.011,0.011,0.011,0.011,0.011,0.011,0.011,0.011,0.011,0.011,0.011,0.011,0.011,0.011,0.011,0.011,0.011,0.011,0.011,0.011,0.011
0.0018,0.0018,0.0018,0.0018,0.0018,0.0018,0.0018,0.0018,0.0018,0.0018,0.0018,0.0018,0.0018,0.0018,0.0018,0.0018,0.0018,0.0018,0.0018,0.0018,0.0018,0.0018,0.0018,0.0018,0.0018,0.0018,0.0018,0.0018,0.0018,0.0018
0,0,0,0,0,0,0,0,0,0,0,0,0,0,0,0,0,0,0,0,0,0,0,0,0,0,0,0,0,0
1,1,1,1,1,1,1,1,1,1,1,1,1,1,1,1,1,1,1,1,1,1,1,1,1,1,1,1,1,1
0.42,0.42,0.42,0.42,0.42,0.42,0.42,0.42,0.42,0.42,0.42,0.42,0.42,0.42,0.42,0.42,0.42,0.42,0.42,0.42,0.42,0.42,0.42,0.42,0.42,0.42,0.42,0.42,0.42,0.42
0.05,0.05,0.05,0.05,0.05,0.05,0.05,0.05,0.05,0.05,0.05,0.05,0.05,0.05,0.05,0.05,0.05,0.05,0.05,0.05,0.05,0.05,0.05,0.05,0.05,0.05,0.05,0.05,0.05,0.05
0.015,0.015,0.015,0.015,0.015,0.015,0.015,0.015,0.015,0.015,0.015,0.015,0.015,0.015,0.015,0.015,0.015,0.015,0.015,0.015,0.015,0.015,0.015,0.015,0.015,0.015,0.015,0.015,0.015,0.015
0,0,0,0,0,0,0,0,0,0,0,0,0,0,0,0,0,0,0,0,0,0,0,0,0,0,0,0,0,0
0,0,0,0,0,0,0,0,0,0,0,0,0,0,0,0,0,0,0,0,0,0,0,0,0,0,0,0,0,0
0,0,0,0,0,0,0,0,0,0,0,0,0,0,0,0,0,0,0,0,0,0,0,0,0,0,0,0,0,0
0,0,0,0,0,0,0,0,0,0,0,0,0,0,0,0,0,0,0,0,0,0,0,0,0,0,0,0,0,0
1,1,1,1,1,1,1,1,1,1,1,1,1,1,1,1,1,1,1,1,1,1,1,1,1,1,1,1,1,1
0.3,0.3,0.3,0.3,0.3,0.3,0.3,0.3,0.3,0.3,0.3,0.3,0.3,0.3,0.3,0.3,0.3,0.3,0.3,0.3,0.3,0.3,0.3,0.3,0.3,0.3,0.3,0.3,0.3,0.3
0.011,0.011,0.011,0.011,0.011,0.011,0.011,0.011,0.011,0.011,0.011,0.011,0.011,0.011,0.011,0.011,0.011,0.011,0.011,0.011,0.011,0.011,0.011,0.011,0.011,0.011,0.011,0.011,0.011,0.011
0.0018,0.0018,0.0018,0.0018,0.0018,0.0018,0.0018,0.0018,0.0018,0.0018,0.0018,0.0018,0.0018,0.0018,0.0018,0.0018,0.0018,0.0018,0.0018,0.0018,0.0018,0.0018,0.0018,0.0018,0.0018,0.0018,0.0018,0.0018,0.0018,0.0018
0,0,0,0,0,0,0,0,0,0,0,0,0,0,0,0,0,0,0,0,0,0,0,0,0,0,0,0,0,0
1,1,1,1,1,1,1,1,1,1,1,1,1,1,1,1,1,1,1,1,1,1,1,1,1,1,1,1,1,1
0.42,0.42,0.42,0.42,0.42,0.42,0.42,0.42,0.42,0.42,0.42,0.42,0.42,0.42,0.42,0.42,0.42,0.42,0.42,0.42,0.42,0.42,0.42,0.42,0.42,0.42,0.42,0.42,0.42,0.42
0.05,0.05,0.05,0.05,0.05,0.05,0.05,0.05,0.05,0.05,0.05,0.05,0.05,0.05,0.05,0.05,0.05,0.05,0.05,0.05,0.05,0.05,0.05,0.05,0.05,0.05,0.05,0.05,0.05,0.05
0.015,0.015,0.015,0.015,0.015,0.015,0.015,0.015,0.015,0.015,0.015,0.015,0.015,0.015,0.015,0.015,0.015,0.015,0.015,0.015,0.015,0.015,0.015,0.015,0.015,0.015,0.015,0.015,0.015,0.015
